datetime,Unnamed: 0,Volcano_Number,Eruption_Number,Activity_Type,ExplosivityIndexMax,StartEvidenceMethod,StartDateYear,StartDateMonth,StartDateDay,EndDateYear,EndDateMonth,EndDateDay,StartDate,EndDate,EruptedVolume,DurationDays,DailyEruptedVolume,timeymd
19700630,321,241040,14483,Confirmed Eruption,2,Observations: Reported,1970,6,30,1970,6,30,1970-06-30,1970-06-30,5000000,1,5000000.0,19700630
19700916,961,241100,14637,Confirmed Eruption,1,Observations: Reported,1970,9,16,1970,9,17,1970-09-16,1970-09-17,100000,2,50000.0,19700916
19710403,962,241100,14638,Confirmed Eruption,2,Observations: Reported,1971,4,3,1971,11,1,1971-04-03,1971-11-01,5000000,213,23474.17840375587,19710403
19710409,322,241040,14484,Confirmed Eruption,2,Observations: Reported,1971,4,9,1971,4,9,1971-04-09,1971-04-09,5000000,1,5000000.0,19710409
19710719,323,241040,14485,Confirmed Eruption,2,Observations: Reported,1971,7,19,1971,7,20,1971-07-19,1971-07-20,5000000,2,2500000.0,19710719
19720319,929,241080,14601,Confirmed Eruption,2,Observations: Reported,1972,3,19,1972,6,6,1972-03-19,1972-06-06,5000000,80,62500.0,19720319
19721022,963,241100,14639,Confirmed Eruption,1,Observations: Reported,1972,10,22,1973,1,10,1972-10-22,1973-01-10,100000,81,1234.567901234568,19721022
19721122,930,241080,14602,Confirmed Eruption,3,Observations: Reported,1972,11,22,1974,8,19,1972-11-22,1974-08-19,50000000,636,78616.35220125786,19721122
19730222,325,241050,14524,Confirmed Eruption,1,Observations: Reported,1973,2,22,1973,2,22,1973-02-22,1973-02-22,100000,1,100000.0,19730222
19730711,595,243102,14775,Confirmed Eruption,3,Observations: Reported,1973,7,11,1973,7,16,1973-07-11,1973-07-16,50000000,6,8333333.333333333,19730711
19731031,955,241100,14640,Confirmed Eruption,1,Observations: Reported,1973,10,31,1974,10,25,1973-10-31,1974-10-25,100000,360,277.77777777777777,19731031
19740216,597,243100,14784,Uncertain Eruption,1,unknown,1974,2,16,1974,2,16,1974-02-16,1974-02-16,100000,1,100000.0,19740216
19740908,315,241040,14486,Confirmed Eruption,2,Observations: Reported,1974,9,8,1974,9,8,1974-09-08,1974-09-08,5000000,1,5000000.0,19740908
19750212,931,241080,14603,Confirmed Eruption,3,Observations: Reported,1975,2,12,1975,2,23,1975-02-12,1975-02-23,50000000,12,4166666.6666666665,19750212
19750424,956,241100,14641,Confirmed Eruption,2,Observations: Reported,1975,4,24,1975,4,27,1975-04-24,1975-04-27,5000000,4,1250000.0,19750424
19751017,957,241100,14642,Confirmed Eruption,1,Observations: Reported,1975,10,17,1975,10,17,1975-10-17,1975-10-17,100000,1,100000.0,19751017
19760306,958,241100,14643,Confirmed Eruption,1,Observations: Reported,1976,3,6,1976,3,6,1976-03-06,1976-03-06,100000,1,100000.0,19760306
19760823,932,241080,14604,Confirmed Eruption,1,Observations: Reported,1976,8,23,1976,8,28,1976-08-23,1976-08-28,100000,6,16666.666666666668,19760823
19760912,959,241100,14644,Confirmed Eruption,1,Observations: Reported,1976,9,12,1976,11,22,1976-09-12,1976-11-22,100000,72,1388.888888888889,19760912
19761218,316,241040,14487,Confirmed Eruption,3,Observations: Reported,1976,12,18,1982,1,29,1976-12-18,1982-01-29,50000000,1869,26752.273943285178,19761218
19770704,928,241080,14605,Confirmed Eruption,1,Observations: Reported,1977,7,4,1977,7,4,1977-07-04,1977-07-04,100000,1,100000.0,19770704
19770716,960,241100,14645,Confirmed Eruption,2,Observations: Reported,1977,7,16,1979,1,17,1977-07-16,1979-01-17,5000000,551,9074.410163339382,19770716
19780223,326,241050,14525,Confirmed Eruption,1,Observations: Reported,1978,2,23,1978,2,23,1978-02-23,1978-02-23,100000,1,100000.0,19780223
19790216,181,242050,14707,Confirmed Eruption,1,Observations: Hydrophonic,1979,2,16,1979,4,19,1979-02-16,1979-04-19,100000,63,1587.3015873015872,19790216
19790510,187,243070,14765,Confirmed Eruption,2,Observations: Reported,1979,5,10,1979,7,21,1979-05-10,1979-07-21,5000000,73,68493.1506849315,19790510
19790514,596,243102,14776,Confirmed Eruption,1,Observations: Reported,1979,5,14,1979,5,14,1979-05-14,1979-05-14,100000,1,100000.0,19790514
19790630,949,241100,14646,Confirmed Eruption,1,Observations: Reported,1979,6,30,1979,7,15,1979-06-30,1979-07-15,100000,16,6250.0,19790630
19800115,950,241100,14647,Confirmed Eruption,1,Observations: Reported,1980,1,15,1980,3,27,1980-01-15,1980-03-27,100000,73,1369.86301369863,19800115
19801018,951,241100,14648,Confirmed Eruption,1,Observations: Reported,1980,10,18,1980,11,3,1980-10-18,1980-11-03,100000,17,5882.35294117647,19801018
19810516,324,241050,14526,Confirmed Eruption,1,Observations: Reported,1981,5,16,1981,5,16,1981-05-16,1981-05-16,100000,1,100000.0,19810516
19811025,952,241100,14649,Confirmed Eruption,1,Observations: Reported,1981,10,25,1982,4,12,1981-10-25,1982-04-12,100000,170,588.2352941176471,19811025
19831226,317,241040,14489,Confirmed Eruption,2,Observations: Reported,1983,12,26,1984,2,12,1983-12-26,1984-02-12,5000000,49,102040.8163265306,19831226
19840301,591,243080,14770,Confirmed Eruption,3,Observations: Reported,1984,3,1,1984,3,5,1984-03-01,1984-03-05,50000000,5,10000000.0,19840301
19840402,953,241100,14650,Confirmed Eruption,1,Observations: Reported,1984,4,2,1984,4,2,1984-04-02,1984-04-02,100000,1,100000.0,19840402
19841025,954,241100,14651,Confirmed Eruption,1,Observations: Reported,1984,10,25,1984,12,16,1984-10-25,1984-12-16,100000,53,1886.7924528301887,19841025
19850521,943,241100,14652,Confirmed Eruption,1,Observations: Reported,1985,5,21,1985,6,9,1985-05-21,1985-06-09,100000,20,5000.0,19850521
19851115,944,241100,14653,Confirmed Eruption,1,Observations: Reported,1985,11,15,1985,11,15,1985-11-15,1985-11-15,100000,1,100000.0,19851115
19860201,318,241040,14490,Confirmed Eruption,3,Observations: Reported,1986,2,1,1994,7,28,1986-02-01,1994-07-28,50000000,3100,16129.032258064517,19860201
19860208,945,241100,14654,Confirmed Eruption,1,Observations: Reported,1986,2,8,1986,2,9,1986-02-08,1986-02-09,100000,2,50000.0,19860208
19870824,946,241100,14655,Confirmed Eruption,1,Observations: Reported,1987,8,24,1987,8,30,1987-08-24,1987-08-30,100000,7,14285.714285714286,19870824
19880320,947,241100,14656,Confirmed Eruption,1,Observations: Reported,1988,3,20,1988,5,25,1988-03-20,1988-05-25,100000,67,1492.5373134328358,19880320
19881208,948,241100,14657,Confirmed Eruption,1,Observations: Reported,1988,12,8,1989,3,5,1988-12-08,1989-03-05,100000,88,1136.3636363636363,19881208
19890701,938,241100,14658,Confirmed Eruption,1,Observations: Reported,1989,7,1,1989,9,20,1989-07-01,1989-09-20,100000,82,1219.5121951219512,19890701
19900107,939,241100,14659,Confirmed Eruption,1,Observations: Reported,1990,1,7,1990,1,26,1990-01-07,1990-01-26,100000,20,5000.0,19900107
19910705,940,241100,14661,Confirmed Eruption,1,Observations: Reported,1991,7,5,1991,7,14,1991-07-05,1991-07-14,100000,10,10000.0,19910705
19920208,941,241100,14662,Confirmed Eruption,1,Observations: Reported,1992,2,8,1992,3,6,1992-02-08,1992-03-06,100000,28,3571.4285714285716,19920208
19940212,942,241100,14663,Uncertain Eruption,1,unknown,1994,2,12,1994,4,1,1994-02-12,1994-04-01,100000,49,2040.8163265306123,19940212
19950111,933,241100,14664,Confirmed Eruption,3,Observations: Reported,1995,1,11,1995,11,9,1995-01-11,1995-11-09,50000000,303,165016.501650165,19950111
19950606,188,243070,14767,Confirmed Eruption,2,Observations: Reported,1995,6,6,1995,6,23,1995-06-06,1995-06-23,5000000,18,277777.77777777775,19950606
19950628,319,241040,14491,Confirmed Eruption,1,Observations: Reported,1995,6,28,1995,6,29,1995-06-28,1995-06-29,100000,2,50000.0,19950628
19960616,934,241100,14666,Confirmed Eruption,3,Observations: Reported,1996,6,16,1996,9,1,1996-06-16,1996-09-01,50000000,78,641025.641025641,19960616
19971009,935,241100,14667,Confirmed Eruption,1,Observations: Reported,1997,10,9,1997,10,18,1997-10-09,1997-10-18,100000,10,10000.0,19971009
19980328,320,241040,14492,Confirmed Eruption,1,Observations: Reported,1998,3,28,1998,3,29,1998-03-28,1998-03-29,100000,2,50000.0,19980328
19980822,310,241040,14493,Confirmed Eruption,2,Observations: Reported,1998,8,22,1999,8,16,1998-08-22,1999-08-16,5000000,360,13888.888888888889,19980822
19990108,183,243030,14729,Confirmed Eruption,1,Observations: Reported,1999,1,8,1999,1,14,1999-01-08,1999-01-14,100000,7,14285.714285714286,19990108
20000307,311,241040,14494,Confirmed Eruption,3,Observations: Reported,2000,3,7,2000,9,5,2000-03-07,2000-09-05,50000000,183,273224.043715847,20000307
20010219,312,241040,14495,Confirmed Eruption,2,Observations: Reported,2001,2,19,2001,2,19,2001-02-19,2001-02-19,5000000,1,5000000.0,20010219
20010927,593,243091,14772,Confirmed Eruption,2,Observations: Reported,2001,9,27,2001,9,28,2001-09-27,2001-09-28,5000000,2,2500000.0,20010927
20040319,186,243060,14752,Confirmed Eruption,1,Observations: Reported,2004,3,19,2014,10,18,2004-03-19,2014-10-18,100000,3866,25.866528711846872,20040319
20060317,180,242030,14702,Confirmed Eruption,1,Observations: Reported,2006,3,17,2006,3,17,2006-03-17,2006-03-17,100000,1,100000.0,20060317
20060807,592,243080,14771,Confirmed Eruption,2,Observations: Reported,2006,8,7,2006,8,16,2006-08-07,2006-08-16,5000000,10,500000.0,20060807
20061004,936,241100,14668,Confirmed Eruption,1,Observations: Reported,2006,10,4,2006,10,4,2006-10-04,2006-10-04,100000,1,100000.0,20061004
20070925,937,241100,14669,Confirmed Eruption,1,Observations: Reported,2007,9,25,2007,9,25,2007-09-25,2007-09-25,100000,1,100000.0,20070925
20090317,184,243040,14733,Confirmed Eruption,2,Observations: Reported,2009,3,17,2009,3,22,2009-03-17,2009-03-22,5000000,6,833333.3333333334,20090317
20120717,118,242005,20748,Confirmed Eruption,1,Observations: Reported,2012,7,17,2012,7,19,2012-07-17,2012-07-19,100000,3,33333.333333333336,20120717
20120806,926,241080,20826,Confirmed Eruption,2,Observations: Reported,2012,8,6,2012,8,7,2012-08-06,2012-08-07,5000000,2,2500000.0,20120806
20120807,309,241040,20839,Confirmed Eruption,2,Observations: Reported,2012,8,7,2013,10,11,2012-08-07,2013-10-11,5000000,431,11600.92807424594,20120807
20121121,927,241080,20827,Confirmed Eruption,2,Observations: Reported,2012,11,21,2012,11,21,2012-11-21,2012-11-21,5000000,1,5000000.0,20121121
20140101,182,242050,22465,Confirmed Eruption,1,Observations: Hydrophonic,2014,1,1,2014,1,1,2014-01-01,2014-01-01,100000,1,100000.0,20140101
20141219,185,243040,20983,Confirmed Eruption,2,Observations: Reported,2014,12,19,2015,1,23,2014-12-19,2015-01-23,5000000,36,138888.88888888888,20141219
20160427,313,241040,22121,Confirmed Eruption,1,Observations: Reported,2016,4,27,2016,4,27,2016-04-27,2016-04-27,100000,1,100000.0,20160427
20160913,314,241040,22147,Confirmed Eruption,1,Observations: Reported,2016,9,13,2016,9,14,2016-09-13,2016-09-14,100000,2,50000.0,20160913
20190806,594,243091,22460,Confirmed Eruption,3,Observations: Satellite (visual),2019,8,6,2019,8,8,2019-08-06,2019-08-08,50000000,3,16666666.666666666,20190806
20191013,189,243070,22334,Confirmed Eruption,1,Observations: Reported,2019,10,13,2019,10,22,2019-10-13,2019-10-22,100000,10,10000.0,20191013
20191209,308,241040,22338,Confirmed Eruption,2,Observations: Reported,2019,12,9,2019,12,9,2019-12-09,2019-12-09,5000000,1,5000000.0,20191209
